raw_smiles,smiles,MW,Vol,Dense,nHA,nHD,TPSA,nRot,nRing,MaxRing,nHet,fChar,nRig,Flex,nStereo,gasa,QED,Synth,Fsp3,MCE-18,Natural Product-likeness,Alarm_NMR,BMS,Chelating,PAINS,Lipinski,Pfizer,GSK,GoldenTriangle,logS,logD,logP,mp,bp,pka_acidic,pka_basic,caco2,MDCK,PAMPA,pgp_inh,pgp_sub,hia,f20,f30,f50,OATP1B1,OATP1B3,BCRP,BSEP,BBB,MRP1,PPB,VDss,Fu,CYP1A2-inh,CYP1A2-sub,CYP2C19-inh,CYP2C19-sub,CYP2C9-inh,CYP2C9-sub,CYP2D6-inh,CYP2D6-sub,CYP3A4-inh,CYP3A4-sub,CYP2B6-inh,CYP2B6-sub,CYP2C8-inh,LM-human,cl-plasma,t0.5,BCF,IGC50,LC50DM,LC50FM,hERG,hERG-10um,DILI,Ames,ROA,FDAMDD,SkinSen,Carcinogenicity,EC,EI,Respiratory,H-HT,Neurotoxicity-DI,Ototoxicity,Hematotoxicity,Nephrotoxicity-DI,Genotoxicity,RPMI-8226,A549,HEK293,NR-AhR,NR-AR,NR-AR-LBD,NR-Aromatase,NR-ER,NR-ER-LBD,NR-PPAR-gamma,SR-ARE,SR-ATAD5,SR-HSE,SR-MMP,SR-p53,NonBiodegradable,NonGenotoxic_Carcinogenicity,SureChEMBL,LD50_oral,Skin_Sensitization,Acute_Aquatic_Toxicity,FAF-Drugs4 Rule,Genotoxic_Carcinogenicity_Mutagenicity,Aggregators,Fluc,Blue_fluorescence,Green_fluorescence,Reactive,Other_assay_interference,Promiscuous
O=S(=O)(Nc1cscn1)c1cc(Cl)c(NCc2cc(F)ccc2F)cc1F,O=S(=O)(Nc1cscn1)c1cc(Cl)c(NCc2cc(F)ccc2F)cc1F,432.99,359.5337036403976,1.2043099036775498,5,2,71.09,6,3,6,11,0,19,0.3157894736842105,0,0,0.594,2.668,0.062,20.0,-2.442,"[(5, 6, 7), (1, 0, 2, 3), (14, 13, 11, 10, 9, 25, 24)]",['-'],['-'],['-'],0,1,1,0,-5.220012106058228,3.4788453526788667,3.9173555778867977,116.82008355359343,330.38180614050987,7.989398010412332,4.065965166127132,-5.569779878472789,2.6454313621243204e-05,0.022270066663622856,0.9671492576599121,0.0002462478878442198,0.00012993812561035156,0.001948714256286621,0.010202288627624512,0.0004730224609375,0.6168044805526733,0.5305911302566528,0.0012496082345023751,0.9999961853027344,0.34042656421661377,0.7447887063026428,99.46429103579487,0.5053087704215025,0.36743097928996804,0.9759216904640198,0.000568666378967464,0.7321500778198242,4.205427103443071e-05,0.9756989479064941,0.16251879930496216,0.0020382418297231197,0.0005601955344900489,0.044811561703681946,0.3945384621620178,0.9031293988227844,3.328005959701841e-08,0.9903613328933716,0.027904752641916275,1.6319374679404248,0.7836391384138272,1.3046912528329717,3.7011215368928188,5.225151501360522,4.641574716657995,0.31653931736946106,0.20534604787826538,0.9999974966049194,0.039099909365177155,0.21318764984607697,0.3121335208415985,0.06884492188692093,0.1444171518087387,1.1234643437774139e-07,0.012906942516565323,0.24027052521705627,0.9493581056594849,0.16659295558929443,0.7766238451004028,0.17412534356117249,0.876999020576477,0.9999998807907104,0.032539404928684235,0.06980972737073898,0.161000058054924,0.05142628028988838,0.19466829299926758,0.006742232944816351,0.0001277841511182487,0.002482777461409569,2.5085009838221595e-05,0.0005293777794577181,0.19182614982128143,1.0601635949569754e-05,3.0006851375219412e-05,0.04271330684423447,0.0008887097355909646,"[(11,)]","[(9, 10, 11, 13, 24, 25, 26)]",['-'],['-'],"[(4, 3), (4, 3)]","[(11, 12)]","[(14, 13, 11, 10, 9, 25, 24), (6, 5, 4, 8, 7)]","[(4, 3)]",0.965,0.001,0.015,0.845,0.047,0.462,0.09
C[C@H](Nc1cc(F)c(S(=O)(=O)Nc2cscn2)cc1Cl)c1ccccc1,C[C@H](Nc1cc(F)c(S(=O)(=O)Nc2cscn2)cc1Cl)c1ccccc1,411.03,364.6945709566393,1.127052697608898,5,2,71.09,6,3,6,9,0,19,0.3157894736842105,1,0,0.604,2.962,0.118,38.0,-2.121,"[(13, 14, 15), (8, 9, 10, 11), (2, 3, 4, 5, 7, 17, 18)]",['-'],['-'],['-'],0,1,1,0,-4.880153856913736,3.485741848795456,3.8169440814054627,133.95008771915815,313.54438727406506,8.124818763495167,4.008206111911856,-5.514393942976131,1.2583570274333347e-05,0.051500219851732254,0.6805936694145203,0.002518612425774336,1.5497207641601562e-06,0.0001239776611328125,0.003682374954223633,0.001991093158721924,0.3324248790740967,0.23459392786026,0.0011532732751220465,0.9997001886367798,0.15742766857147217,0.9873083233833313,98.80412303787747,0.4993625601224696,0.8203245616475001,0.9811169505119324,4.703250397142256e-06,0.5838603973388672,0.0001236296520801261,0.5738739967346191,0.0008761339704506099,0.0019005927024409175,0.00025637992075644433,0.2282753586769104,0.9741136431694031,0.9924391508102417,1.1268390665009065e-09,0.366311252117157,0.0563710480928421,3.3910245946849047,0.5522162533441596,1.084606181908908,3.643839136385349,5.004138995789191,4.574039243389029,0.15594172477722168,0.14031819999217987,0.9999964237213135,0.023786691948771477,0.15435494482517242,0.23123081028461456,0.38789454102516174,0.12629854679107666,1.658507972024381e-05,0.08051344752311707,0.3740570843219757,0.9340410828590393,0.09851938486099243,0.43395352363586426,0.08796786516904831,0.29343560338020325,0.9999995231628418,0.029125120490789413,0.10483483970165253,0.11144564300775528,0.013139492832124233,0.2343214899301529,0.007691213395446539,8.787661499809474e-05,0.012171328067779541,4.5525066525442526e-05,0.002714141272008419,0.1757926195859909,2.152735942217987e-05,8.424953557550907e-05,0.06912247091531754,0.003098270855844021,"[(5,)]","[(3, 4, 5, 7, 17, 18, 19)]",['-'],['-'],"[(3, 2), (3, 2)]","[(5, 6)]","[(2, 3, 4, 5, 7, 17, 18), (14, 13, 12, 16, 15)]","[(3, 2)]",0.951,0.009,0.194,0.725,0.061,0.717,0.03
COc1ccc(F)c([C@H](C)Nc2cc(F)c(S(=O)(=O)Nc3cscn3)cc2Cl)c1,COc1ccc(F)c([C@H](C)Nc2cc(F)c(S(=O)(=O)Nc3cscn3)cc2Cl)c1,459.03,396.848342085795,1.1566887178799448,6,2,80.32,7,3,6,11,0,19,0.3684210526315789,1,0,0.516,3.154,0.167,42.0,-1.964,"[(21, 22, 23), (16, 17, 18, 19), (10, 11, 12, 13, 15, 25, 26), (1, 2, 3, 4, 5, 7, 28)]",['-'],['-'],['-'],0,0,1,0,-5.251559710038597,3.6643934574729147,4.080270940948391,122.90258850619031,322.369761381195,8.158115296764736,4.000611277402866,-5.377021613773411,1.7940541972627412e-05,0.0068611325696110725,0.8186630606651306,0.00201036618091166,6.9141387939453125e-06,0.0001558065414428711,0.0008938908576965332,0.0016210079193115234,0.7661559581756592,0.7362089157104492,0.00424487330019474,0.9999929666519165,0.042563118040561676,0.9865036010742188,98.7302572984453,0.4772967181672678,0.9941239545462592,0.8536381125450134,0.0017706494545564055,0.4795275330543518,0.007178302388638258,0.6755371689796448,0.03295845165848732,0.0034267627634108067,0.00846527237445116,0.12619775533676147,0.956559956073761,0.9647398591041565,1.5347620774264215e-07,0.8821532726287842,0.13295690715312958,3.3881728556338473,0.5720491826923271,1.1151190020285533,3.6603880596814826,5.095434225053684,4.563459739270993,0.19029101729393005,0.12040146440267563,0.9999991655349731,0.05874406173825264,0.18370582163333893,0.2051364928483963,0.10450168699026108,0.31727296113967896,2.455339654261479e-06,0.05858059972524643,0.40579599142074585,0.9233672022819519,0.08638325333595276,0.6455292701721191,0.19354979693889618,0.6505234837532043,0.9999998807907104,0.04483664035797119,0.08547890186309814,0.13137592375278473,0.022772204130887985,0.27355775237083435,0.007862016558647156,6.402903818525374e-05,0.008845670148730278,5.033920388086699e-05,0.0012146761873736978,0.10388541966676712,2.0742716515087523e-05,8.569096098653972e-05,0.046001654118299484,0.0046607074327766895,"[(5,)]","[(4, 3, 2, 28, 7, 5, 6)]",['-'],['-'],"[(11, 10), (11, 10)]","[(5, 6)]","[(10, 11, 12, 13, 15, 25, 26), (22, 21, 20, 24, 23)]","[(11, 10)]",0.939,0.001,0.169,0.712,0.035,0.381,0.062
CC(C)N(C)Cc1cccc(F)c1CNc1cc(F)c(S(=O)(=O)Nc2cscn2)c(F)c1,CC(C)N(C)Cc1cccc(F)c1CNc1cc(F)c(S(=O)(=O)Nc2cscn2)c(F)c1,484.12,441.7993223274978,1.0957916310272895,6,2,74.33,9,3,6,11,0,19,0.47368421052631576,0,0,0.456,2.987,0.286,22.0,-1.938,"[(25, 26, 27), (20, 21, 22, 23), (14, 15, 16, 17, 19, 29, 31)]",['-'],['-'],['-'],0,1,1,0,-4.794198661173159,3.4584917490510065,3.9638075088666147,124.7117282262237,331.01492107237834,8.708917138535295,6.719624357940573,-5.336027069545202,2.3700871769595497e-05,0.015569286420941353,0.987991988658905,0.0017984075238928199,0.06020021438598633,0.5541771054267883,0.9351662695407867,0.9880457865074277,0.7387316823005676,0.9209365844726562,0.0005674049025401473,0.9999912977218628,0.009021421894431114,0.8209765553474426,93.39005455987058,1.0392774699405618,5.798053842520277,0.0004211242194287479,0.7226914763450623,0.23424333333969116,0.8817893266677856,0.02920573018491268,0.00875087920576334,0.010335183702409267,0.00040968734538182616,0.002923812484368682,0.9999321699142456,0.148772194981575,6.86360522195173e-07,0.9926096796989441,0.025413457304239273,2.9239933419373476,0.6705709193520881,1.17902772175506,3.6945951268887685,5.256099716560203,4.683700827582447,0.576285183429718,0.14828243851661682,0.9999629259109497,0.03186197951436043,0.23306407034397125,0.27757781744003296,0.18586820363998413,0.09911362081766129,1.765947210685681e-08,0.0001927371631609276,0.6848099827766418,0.9624403715133667,0.24605825543403625,0.9369823336601257,0.30030155181884766,0.6786175966262817,1.0,0.025240059942007065,0.01439680065959692,0.08125811815261841,8.537222311133519e-05,0.0005395123152993619,5.029679073231819e-07,4.674869380494329e-09,0.20711517333984375,7.645215305274178e-07,4.078343351920921e-08,9.964475611923262e-05,5.996834695487507e-10,3.349798305407603e-08,4.7244152483472135e-06,8.065076428920293e-08,"[(10,), (3,)]","[(9, 8, 7, 6, 12, 10, 11)]",['-'],['-'],"[(15, 14), (15, 14)]","[(10, 11)]","[(14, 15, 16, 17, 19, 29, 31), (26, 25, 24, 28, 27)]","[(15, 14)]",0.904,0.003,0.041,0.711,0.005,0.651,0.062
O=S(=O)(Nc1cscn1)c1cc(Cl)c(NCc2c(F)cccc2CN2CCC2)cc1F,O=S(=O)(Nc1cscn1)c1cc(Cl)c(NCc2c(F)cccc2CN2CCC2)cc1F,484.06,425.09038723199706,1.1387225271123802,6,2,74.33,8,4,6,11,0,23,0.34782608695652173,0,0,0.485,2.831,0.25,53.76,-2.249,"[(5, 6, 7), (1, 0, 2, 3), (14, 13, 11, 10, 9, 29, 28)]",['-'],['-'],['-'],0,1,1,0,-4.794359431611076,3.3759865010185925,4.01432281422343,125.73931073179548,318.04713616186234,8.523903821065302,7.123528058729686,-5.527714555942454,1.3246910398817471e-05,0.011963149532675743,0.7600133419036865,0.0008356482139788568,0.00016808509826660156,0.002194702625274658,0.013349294662475586,0.007566213607788086,0.1517137736082077,0.1618313193321228,6.169935659272596e-05,0.9998886585235596,0.09184105694293976,0.9850360155105591,98.80293063853638,1.0580142233067842,1.27587308352063,0.0007043723599053919,0.5636962652206421,0.006520821712911129,0.04036084935069084,0.004654016811400652,0.003307412378489971,0.010682091116905212,0.00013732582738157362,0.009457810781896114,0.9998780488967896,0.7564020752906799,1.862861864765364e-08,0.18251097202301025,0.0003395836683921516,2.6254579752061162,0.647983144886758,1.3058244912915429,3.902289240801178,5.35484261462368,4.869679354420382,0.8923393487930298,0.4064452052116394,0.9999924898147583,0.016002966091036797,0.4373489022254944,0.4515458345413208,0.2096523493528366,0.08466636389493942,1.3988181724045035e-09,5.249039168120362e-05,0.9416947364807129,0.9497324824333191,0.5573864579200745,0.7404808402061462,0.12457279115915298,0.7416232824325562,1.0,0.025613076984882355,0.0410606786608696,0.3250901997089386,0.0006641354993917048,0.021380966529250145,0.0018115461571142077,7.838352757971734e-05,0.011408890597522259,3.5682548968907213e-06,0.0016144565306603909,0.6382032036781311,4.1987030272139236e-05,1.7831227978604147e-06,0.0018353532068431377,0.0005836663767695427,"[(11,)]","[(9, 10, 11, 13, 28, 29, 30)]",['-'],['-'],"[(4, 3), (4, 3)]","[(11, 12)]","[(14, 13, 11, 10, 9, 29, 28), (6, 5, 4, 8, 7)]","[(4, 3)]",0.922,0.001,0.022,0.916,0.019,0.595,0.187
C[C@H](Nc1cc(F)c(S(=O)(=O)Nc2cscn2)cc1Cl)c1cc(F)ccc1F,C[C@H](Nc1cc(F)c(S(=O)(=O)Nc2cscn2)cc1Cl)c1cc(F)ccc1F,447.01,376.82968886425493,1.186238805512551,5,2,71.09,6,3,6,11,0,19,0.3157894736842105,1,0,0.545,3.183,0.118,42.0,-2.195,"[(13, 14, 15), (8, 9, 10, 11), (2, 3, 4, 5, 7, 17, 18)]",['-'],['-'],['-'],0,1,1,0,-5.228158592492105,3.713983284761012,4.117447744974269,122.61503440901913,321.80119815809894,8.015062236788662,3.3465660061656584,-5.3533116891573505,2.0241719369108222e-05,0.005209261551499367,0.9618436694145203,0.001676973421126604,2.384185791015625e-07,1.9073486328125e-05,0.0001499652862548828,6.687641143798828e-05,0.5369692444801331,0.24987220764160156,0.0010258977999910712,0.9999998807907104,0.49345850944519043,0.9931449890136719,98.98776580371225,0.4392064644440028,0.6375822666080677,0.9687999486923218,1.9813422113656998e-05,0.8230876326560974,0.00018589898536447436,0.7771374583244324,0.0003540034231264144,0.000895839708391577,2.1556039428105578e-05,0.23649612069129944,0.9782189726829529,0.999649167060852,2.676364962983513e-10,0.9777770042419434,0.04019739106297493,2.091990336893236,0.7323443090615167,1.1816575523156179,3.6018969077908167,5.137470653881037,4.579199814061498,0.1431453824043274,0.1303657591342926,0.9999983310699463,0.056286223232746124,0.31512343883514404,0.2893984019756317,0.16425983607769012,0.25104033946990967,9.618935109756421e-06,0.08643636852502823,0.35484322905540466,0.9392973184585571,0.1340237557888031,0.599310576915741,0.1449146419763565,0.8585008382797241,1.0,0.03013577125966549,0.08631982654333115,0.1249113529920578,0.01280491054058075,0.33727970719337463,0.007368855644017458,9.207893162965775e-05,0.004300657659769058,3.2436215406050906e-05,0.0009868249762803316,0.08938248455524445,4.614358658727724e-06,4.0088190871756524e-05,0.044938672333955765,0.002159890253096819,"[(5,)]","[(3, 4, 5, 7, 17, 18, 19)]",['-'],['-'],"[(3, 2), (3, 2)]","[(5, 6)]","[(2, 3, 4, 5, 7, 17, 18), (14, 13, 12, 16, 15)]","[(3, 2)]",0.955,0.005,0.072,0.753,0.048,0.479,0.096
CCC(Nc1ccc(S(=O)(=O)Nc2nccs2)cc1Cl)c1ccccc1,CCC(Nc1ccc(S(=O)(=O)Nc2nccs2)cc1Cl)c1ccccc1,407.05,375.9229972266889,1.08280153915282,5,2,71.09,7,3,6,8,0,19,0.3684210526315789,1,0,0.567,2.658,0.167,36.0,-2.084,"[(11, 12, 13, 14, 15, 16), (12, 16, 15), (8, 9, 10, 11), (3, 4, 5, 6, 7, 17, 18)]",['-'],['-'],['-'],0,1,1,0,-5.088986551893294,3.79931142744884,4.15280896153574,137.26525150435273,324.69228185088224,7.904650608442334,3.6479718304105524,-5.065897787067145,9.989290766694624e-06,0.4894520938396454,0.1842098981142044,0.0027096790727227926,0.006953418254852295,0.010027647018432617,0.27139681577682495,0.4637877345085144,0.6989918351173401,0.9479577541351318,0.008382918313145638,0.9998251795768738,0.6239069104194641,0.9804461598396301,99.03192106443029,0.3009521231394685,0.5411440786659939,4.1358191083418205e-05,3.809794725384563e-05,0.9899667501449585,0.949905514717102,0.8787800073623657,0.004439793061465025,0.003024182515218854,0.00035225972533226013,0.9856955409049988,0.5515527129173279,0.01809379830956459,5.098561572935978e-10,0.5461032390594482,0.6045365929603577,2.9001029591575924,0.6745328732102623,0.6918191969725285,3.3124033872045096,4.376723873416771,4.069894693481667,0.23986105620861053,0.23900023102760315,0.9999804496765137,0.015400406904518604,0.1461462676525116,0.04692845791578293,0.33380964398384094,0.14294378459453583,9.700934242573567e-06,0.027281947433948517,0.1356806606054306,0.8026981353759766,0.037786997854709625,0.24552609026432037,0.0577387735247612,0.1227923110127449,0.9999700784683228,0.023827191442251205,0.11578517407178879,0.14843355119228363,0.0005587592022493482,0.012787791900336742,1.2096950740669854e-05,1.064450003696038e-07,0.018164485692977905,3.3646205821469266e-09,1.4005950106366072e-06,0.19908015429973602,1.810660847922918e-07,4.628201622836059e-06,0.000349115754943341,7.901400749688037e-06,"[(18,)]","[(4, 5, 6, 7, 17, 18, 19)]","[(16, 15, 14, 13, 12, 11)]",['-'],"[(4, 3), (4, 3)]","[(18, 19)]","[(16, 15, 14, 13, 12, 11), (3, 4, 5, 6, 7, 17, 18), (16, 15, 14, 13, 12)]","[(4, 3)]",0.987,0.01,0.099,0.821,0.073,0.973,0.039
C[C@H](Nc1cc(F)c(S(=O)(=O)Nc2cscn2)cc1Cl)c1ccccc1F,C[C@H](Nc1cc(F)c(S(=O)(=O)Nc2cscn2)cc1Cl)c1ccccc1F,429.02,370.7621299104471,1.1571300448177497,5,2,71.09,6,3,6,10,0,19,0.3157894736842105,1,0,0.575,3.082,0.118,40.0,-2.151,"[(13, 14, 15), (8, 9, 10, 11), (2, 3, 4, 5, 7, 17, 18)]",['-'],['-'],['-'],0,1,1,0,-5.144782781972561,3.6940475386194778,4.104133291159418,125.9553345141153,318.39399320368875,8.020701128433688,3.71577324177517,-5.372720888446509,1.7592790828671338e-05,0.019433336332440376,0.8208368420600891,0.004889612551778555,7.152557373046875e-07,8.678436279296875e-05,0.002414703369140625,0.0009108781814575195,0.42974746227264404,0.19581031799316406,0.0010950518772006035,0.9999575614929199,0.15730048716068268,0.9973036050796509,98.92247240391019,0.503913718170525,0.7422211642920127,0.8712720274925232,4.431144043337554e-05,0.6796374320983887,8.424615953117609e-05,0.7150861024856567,0.0062626986764371395,9.959023009287193e-05,0.000420159864006564,0.47774261236190796,0.9992788434028625,0.9990254640579224,4.945504006315105e-10,0.7568303942680359,0.08293096721172333,2.9247036893915004,0.6427194210156515,1.0761163246696832,3.604665953972716,5.062398349062984,4.557640239348586,0.11779791116714478,0.10417496412992477,0.999998927116394,0.07062322646379471,0.19069504737854004,0.18438060581684113,0.37166911363601685,0.2475796937942505,1.6388174117309973e-05,0.11561762541532516,0.3664094805717468,0.938856303691864,0.10318082571029663,0.502128005027771,0.12025948613882065,0.544244110584259,0.9999998807907104,0.0316268727183342,0.047615792602300644,0.09162172675132751,0.011804662644863129,0.22510457038879395,0.0051452904008328915,8.000258821994066e-05,0.008301563560962677,3.552293492248282e-05,0.001050592982210219,0.11912303417921066,8.008159056771547e-06,4.142465695622377e-05,0.045287683606147766,0.0022676209919154644,"[(5,)]","[(3, 4, 5, 7, 17, 18, 19)]",['-'],['-'],"[(3, 2), (3, 2)]","[(5, 6)]","[(2, 3, 4, 5, 7, 17, 18), (14, 13, 12, 16, 15)]","[(3, 2)]",0.944,0.018,0.108,0.754,0.052,0.652,0.048
CN(Cc1cccc(F)c1CNc1cc(F)c(S(=O)(=O)Nc2cscn2)c(F)c1)C(C)(C)C,CN(Cc1cccc(F)c1CNc1cc(F)c(S(=O)(=O)Nc2cscn2)c(F)c1)C(C)(C)C,498.14,459.0953075513551,1.0850470301186366,6,2,74.33,9,3,6,11,0,19,0.47368421052631576,0,0,0.446,3.095,0.318,24.0,-1.657,"[(22, 23, 24), (17, 18, 19, 20), (11, 12, 13, 14, 16, 26, 28)]",['-'],['-'],['-'],0,1,1,0,-4.87843426676638,3.533109211189217,4.322010126688138,113.98307652212091,327.74826380128263,8.927458521660016,7.202523915609915,-5.445119206400613,2.1500287114446863e-05,0.08249803632497787,0.9964163303375244,0.0007221871055662632,0.489803671836853,0.8833014890551567,0.9839575793594122,0.996856594691053,0.9928655624389648,0.9888526201248169,0.00032691695378161967,0.9998993873596191,0.000792554987128824,0.1687879115343094,88.59266550130938,1.2114442013735434,8.028685165308868,3.899807052221149e-05,0.15804022550582886,0.079255111515522,0.515336811542511,0.0008405248518101871,0.001581302029080689,0.01208313275128603,0.000719511357601732,0.0005451981560327113,0.9886466860771179,0.0014644864713773131,1.7518794193094323e-09,0.4962753653526306,0.030565297231078148,3.129752171537884,0.657339534920543,1.3279422104689238,3.7847699409983764,5.362728016245454,4.771364853128047,0.3833334147930145,0.11923706531524658,0.9999749660491943,0.049638330936431885,0.183120459318161,0.2911723256111145,0.08304856717586517,0.19887208938598633,2.74385243415054e-08,0.0007348844083026052,0.4430779218673706,0.9570637345314026,0.17051048576831818,0.9287196397781372,0.2986128628253937,0.6640676259994507,1.0,0.02728356420993805,0.01654629409313202,0.06501271575689316,0.0008010520832613111,0.0004067934933118522,8.506242920702789e-06,4.742597425888562e-08,0.05502132698893547,5.345104000298306e-06,6.734010185027728e-07,0.0006205810932442546,4.0402947654172294e-09,1.512638760914342e-07,0.0006965541397221386,2.85097996766126e-07,"[(7,), (29,), (7, 8), (29,), (1,)]","[(6, 5, 4, 3, 9, 7, 8)]",['-'],['-'],"[(12, 11), (12, 11)]","[(7, 8)]","[(11, 12, 13, 14, 16, 26, 28), (23, 22, 21, 25, 24)]","[(12, 11)]",0.963,0.015,0.044,0.742,0.003,0.424,0.086
CC1(C)CCN1Cc1cccc(F)c1CNc1cc(F)c(S(=O)(=O)Nc2cscn2)cc1Cl,CC1(C)CCN1Cc1cccc(F)c1CNc1cc(F)c(S(=O)(=O)Nc2cscn2)cc1Cl,512.09,459.6823576797118,1.1140083830600342,6,2,74.33,8,4,6,11,0,23,0.34782608695652173,0,0,0.418,3.143,0.318,59.586,-1.764,"[(26, 27, 28), (21, 22, 23, 24), (15, 16, 17, 18, 20, 30, 31)]",['-'],['-'],['-'],0,1,1,1,-4.883697080516238,3.5207197103254684,4.398973764690235,115.24606428970768,313.37422566249927,8.726685284395952,7.0852139370612015,-5.606512367041704,2.2606431326610056e-05,0.008495952934026718,0.9562069177627563,0.0006673933821730316,0.0004878044128417969,0.03451639413833618,0.27617985010147095,0.09790551662445068,0.8539912104606628,0.6484314203262329,0.0002694090362638235,0.9999490976333618,0.035263221710920334,0.9654111266136169,98.4814538058923,1.068181471052773,1.39783862130463,1.9556111510610208e-05,0.6750996708869934,0.15327085554599762,0.062375474721193314,0.00019275334489066154,2.5344321329612285e-05,0.9010022282600403,8.371899639314506e-06,0.010293361730873585,0.999921441078186,0.999154806137085,1.5310898788811755e-06,0.694036602973938,0.001482682186178863,3.5076807153941933,0.5607017378271645,1.3889045182812612,3.981408592872647,5.555737266429902,4.999967637930769,0.605772078037262,0.30052295327186584,0.9999946355819702,0.0312002245336771,0.1918744444847107,0.3459346294403076,0.24096377193927765,0.1467684507369995,2.3925128544988183e-09,0.00025122991064563394,0.7627963423728943,0.9311025142669678,0.19642725586891174,0.8024618625640869,0.12108933180570602,0.4287664592266083,0.9999998807907104,0.03142257407307625,0.03642682731151581,0.26010918617248535,0.030082780867815018,0.04883737117052078,0.002274609636515379,0.00011714443098753691,0.025936977937817574,0.00011106247256975621,0.0017342021455988288,0.16128431260585785,9.170415978587698e-06,7.087853737175465e-05,0.01571912132203579,0.0011233488330617547,"[(11,)]","[(10, 9, 8, 7, 13, 11, 12)]",['-'],['-'],"[(16, 15), (16, 15)]","[(11, 12)]","[(15, 16, 17, 18, 20, 30, 31), (27, 26, 25, 29, 28)]","[(16, 15)]",0.986,0.069,0.013,0.949,0.01,0.321,0.041
C[C@H](Nc1cc(F)c(S(=O)(=O)Nc2cscn2)c(F)c1)c1ccccc1F,C[C@H](Nc1cc(F)c(S(=O)(=O)Nc2cscn2)c(F)c1)c1ccccc1F,413.05,361.61862083434875,1.1422254723691652,5,2,71.09,6,3,6,10,0,19,0.3157894736842105,1,0,0.623,3.108,0.118,40.0,-1.924,"[(13, 14, 15), (8, 9, 10, 11), (2, 3, 4, 5, 7, 17, 19)]",['-'],['-'],['-'],0,1,1,0,-5.189673809469418,3.6533048877581673,3.740456584221846,124.2642101243149,327.2745619459047,9.054211520363845,3.8343052233663015,-5.068783239131247,1.9755514927564567e-05,0.0073804412968456745,0.9185532927513123,0.07441534847021103,1.5735626220703125e-05,0.0020111799240112305,0.021264374256134033,0.01818448305130005,0.41401639580726624,0.23181554675102234,0.01195155642926693,0.9998947381973267,0.02049923688173294,0.9916186928749084,98.667386840837,0.5230328263479604,1.0829023062320842,0.8679903149604797,1.4214807606549584e-06,0.9516462087631226,4.925269968225621e-05,0.9428516030311584,2.4393032163061434e-06,0.000729728548321873,3.3921157864824636e-06,0.9514767527580261,0.9975065588951111,0.9988741278648376,4.089289323827572e-11,0.999671220779419,0.14334656298160553,2.4656534962687173,0.6896841389952206,0.994655152062812,3.5149521423800993,5.0072931305595185,4.3575207348636535,0.08228432387113571,0.05634097009897232,0.9999933242797852,0.09484168142080307,0.1832481175661087,0.2174362689256668,0.1345537155866623,0.23831315338611603,3.1353287340607494e-05,0.12412659078836441,0.2706744968891144,0.9679209589958191,0.12674231827259064,0.7576747536659241,0.22864526510238647,0.7269414067268372,1.0,0.030498992651700974,0.028028050437569618,0.03358868509531021,0.004920920357108116,0.1908842772245407,0.0008936452795751393,3.727276998688467e-05,0.005664574448019266,4.393040853756247e-06,6.756884977221489e-05,0.05101332440972328,4.308947154640919e-06,1.4647695252278936e-06,0.012952597811818123,0.00021415772789623588,"[(5,)]","[(20, 21, 22, 23, 24, 25, 26)]",['-'],['-'],"[(3, 2), (3, 2)]","[(5, 6)]","[(2, 3, 4, 5, 7, 17, 19), (14, 13, 12, 16, 15)]","[(3, 2)]",0.905,0.002,0.146,0.625,0.027,0.736,0.027
CCC(c1ccccc1)N(C)c1ccc(S(=O)(=O)Nc2nccs2)cc1Cl,CCC(c1ccccc1)N(C)c1ccc(S(=O)(=O)Nc2nccs2)cc1Cl,421.07,393.2189824505462,1.070828263111526,5,1,62.3,7,3,6,8,0,19,0.3684210526315789,1,0,0.57,2.862,0.211,38.0,-1.945,"[(18, 19, 20, 21, 22, 23), (19, 23, 22), (15, 16, 17, 18), (9, 11, 12, 13, 14, 24, 25)]",['-'],['-'],['-'],0,1,1,0,-4.825994740440097,3.7171670254861016,4.095768690609966,129.35860607732727,322.6014397024172,8.101241250447407,3.893410007853659,-4.911466513970472,1.270185335745037e-05,0.27841490507125854,0.6707804203033447,0.002949547255411744,0.013427019119262695,0.014062941074371338,0.32453519105911255,0.612303227186203,0.8508743047714233,0.9784698486328125,0.0050198230892419815,0.9999496936798096,0.6802448630332947,0.9727442860603333,98.82627446763938,0.5075746182685495,0.7706341022039723,9.229870920535177e-05,0.0014249145751819015,0.9970301389694214,0.9986094236373901,0.9948717951774597,0.05475188419222832,0.0025930528063327074,2.4647879399708472e-05,0.8300600051879883,0.9716125130653381,0.027946418151259422,3.3761919926433848e-09,0.9985628724098206,0.9992710947990417,3.75521760458662,0.5531727527859377,0.8372559761037606,3.4449771873672415,4.4199076202871845,4.20443266370674,0.2997208833694458,0.2653060257434845,0.9999793767929077,0.016815239563584328,0.16890166699886322,0.05394839122891426,0.271569162607193,0.20342880487442017,1.1533456927281804e-05,0.009627239778637886,0.23282429575920105,0.8110885620117188,0.07027075439691544,0.30310702323913574,0.08518705517053604,0.14845073223114014,0.9999798536300659,0.03031945414841175,0.11363741010427475,0.20904377102851868,0.0002041603293037042,0.0014131913194432855,8.018323569558561e-07,1.3193880654682744e-08,0.0206180177628994,1.383518632991354e-09,3.508069426061411e-07,0.2282806783914566,1.5006278886176005e-08,3.984347927143972e-07,8.458190859528258e-05,1.0777962415886577e-06,"[(25,), (9,)]","[(11, 12, 13, 14, 24, 25, 26)]","[(23, 22, 21, 20, 19, 18)]",['-'],"[(19, 18), (19, 18)]","[(25, 26)]","[(23, 22, 21, 20, 19, 18), (9, 11, 12, 13, 14, 24, 25), (23, 22, 21, 20, 19)]","[(11, 9)]",0.97,0.002,0.053,0.715,0.118,0.951,0.015
C[C@H](Nc1cc(F)c(S(=O)(=O)Nc2nccs2)cc1Cl)c1ccc(F)cc1F,C[C@H](Nc1cc(F)c(S(=O)(=O)Nc2nccs2)cc1Cl)c1ccc(F)cc1F,447.01,376.8296888642548,1.1862388055125512,5,2,71.09,6,3,6,11,0,19,0.3157894736842105,1,0,0.545,2.966,0.118,42.0,-2.325,"[(11, 12, 13, 14, 15, 16), (12, 16, 15), (8, 9, 10, 11), (2, 3, 4, 5, 7, 17, 18)]",['-'],['-'],['-'],0,1,1,0,-5.345820855574237,3.855082468727953,4.324866971599022,124.07110587396004,322.6292790132452,7.708599201130637,3.066088129216231,-4.9554743087984106,1.5067600128610582e-05,0.12161793559789658,0.5512637495994568,0.0007018201285973191,0.00010800361633300781,0.00026673078536987305,0.009912312030792236,0.0004832744598388672,0.730167806148529,0.6329050064086914,0.0005311822751536965,0.9999995231628418,0.0398048534989357,0.9988541603088379,99.18084991787634,0.5007681612218514,0.4827524258037394,0.2947768270969391,2.8738068067468703e-05,0.9997381567955017,0.12676267325878143,0.9994503855705261,9.226323891198263e-05,7.372599066002294e-05,2.409748594800476e-05,0.9952450394630432,0.3276880085468292,0.9544973969459534,4.166357189805403e-11,0.9897068738937378,0.5688985586166382,4.477596418755279,0.6948905635736295,1.0591548667326776,3.463360764591697,4.820868699239447,4.380171579757293,0.14599576592445374,0.13228456676006317,0.9999929666519165,0.09730640798807144,0.4661422371864319,0.13258914649486542,0.28093603253364563,0.2726077139377594,6.259429210331291e-05,0.18276004493236542,0.5903434753417969,0.8897091150283813,0.19914774596691132,0.4549323618412018,0.07874263823032379,0.780163586139679,0.9999998807907104,0.03380101919174194,0.2779758870601654,0.15386952459812164,0.00018912159430328757,0.01739916019141674,3.5008408758585574e-06,1.8451981276257357e-08,0.004717979580163956,3.979163665235319e-10,2.3461588227746688e-07,0.051129553467035294,5.839626115999863e-09,5.578348805101996e-07,2.2383122995961457e-05,2.3735660761303734e-06,"[(5,)]","[(3, 4, 5, 7, 17, 18, 19)]","[(16, 15, 14, 13, 12, 11)]",['-'],"[(3, 2), (3, 2)]","[(5, 6)]","[(16, 15, 14, 13, 12, 11), (2, 3, 4, 5, 7, 17, 18), (16, 15, 14, 13, 12)]","[(3, 2)]",0.984,0.012,0.028,0.85,0.069,0.622,0.423
CC1(C)CCN1Cc1cccc(F)c1CNc1cc(F)c(S(=O)(=O)Nc2cscn2)c(F)c1,CC1(C)CCN1Cc1cccc(F)c1CNc1cc(F)c(S(=O)(=O)Nc2cscn2)c(F)c1,496.12,450.53884860361336,1.1011703020453385,6,2,74.33,8,4,6,11,0,23,0.34782608695652173,0,0,0.461,3.162,0.318,59.586,-1.505,"[(26, 27, 28), (21, 22, 23, 24), (15, 16, 17, 18, 20, 30, 32)]",['-'],['-'],['-'],0,1,1,0,-5.121110053881358,3.4681505840458007,4.1012779765450125,123.06848351971209,319.9917135356549,8.78332185385,6.891069441432121,-5.4675469014285865,2.196728856719125e-05,0.02495269849896431,0.9903601408004761,0.0008286553784273565,0.08650809526443481,0.891983799636364,0.9647443071007729,0.9943999405950308,0.9368877410888672,0.9425399899482727,0.0005843797116540372,0.9999892711639404,0.008299631997942924,0.7814033627510071,96.83219470058243,0.9887187666801943,2.886253392317316,6.418928023776971e-06,0.4039454758167267,0.5914178490638733,0.02240479364991188,0.00022411721874959767,2.8791605473088566e-06,0.8823599815368652,2.617378777358681e-05,0.2482779324054718,0.9962444305419922,0.6867117881774902,3.401989374651748e-07,0.9743958711624146,0.027847984805703163,3.2830939285359806,0.5953516961900178,1.4437358594149283,3.9265508088906387,5.572959691604372,4.936785872561028,0.5502965450286865,0.15304698050022125,0.9999668598175049,0.03621401637792587,0.19531188905239105,0.40804028511047363,0.04411950707435608,0.17598339915275574,2.1340091915789117e-09,0.00018330504826735705,0.612238347530365,0.9639356136322021,0.17594249546527863,0.9327451586723328,0.2133384495973587,0.6383016109466553,1.0,0.02719104290008545,0.018334679305553436,0.10133623331785202,0.020358137786388397,0.036620985716581345,0.0008235909044742584,4.723162783193402e-05,0.029121290892362595,3.59865152859129e-05,0.00034918999881483614,0.10306603461503983,3.91028788726544e-06,8.96813980943989e-06,0.006489090621471405,0.0002856676874216646,"[(11,)]","[(10, 9, 8, 7, 13, 11, 12)]",['-'],['-'],"[(16, 15), (16, 15)]","[(11, 12)]","[(15, 16, 17, 18, 20, 30, 32), (27, 26, 25, 29, 28)]","[(16, 15)]",0.981,0.016,0.02,0.823,0.004,0.414,0.041
CC(Nc1ccc(S(=O)(=O)Nc2nccs2)cc1Cl)c1ccccc1,CC(Nc1ccc(S(=O)(=O)Nc2nccs2)cc1Cl)c1ccccc1,393.04,358.62701200283146,1.0959576017572732,5,2,71.09,6,3,6,8,0,19,0.3157894736842105,1,0,0.632,2.567,0.118,36.0,-2.268,"[(10, 11, 12, 13, 14, 15), (11, 15, 14), (7, 8, 9, 10), (2, 3, 4, 5, 6, 16, 17)]",['-'],['-'],['-'],0,1,0,0,-4.770965895109624,3.393863878618478,3.658359020149409,157.92515133452835,324.6316322838303,7.48220899105362,3.179108002574227,-5.408215350957281,1.1443401871446707e-05,0.40666288137435913,0.2534521818161011,0.0016594319604337215,0.012172460556030273,0.01107114553451538,0.45333337783813477,0.5690477788448334,0.8357357382774353,0.9780195951461792,0.009532119147479534,0.9995563626289368,0.40464502573013306,0.981052041053772,99.18279523696827,0.31886022730607827,0.47194889814301577,0.003334958339110017,0.00010905360977631062,0.9913924932479858,0.8308115005493164,0.8232029676437378,0.0010940639767795801,0.00023916228383313864,6.485363428510027e-06,0.9972572922706604,0.8797770142555237,0.7164005637168884,6.517680617434962e-09,0.9711621403694153,0.856483519077301,3.3503243553644557,0.5983239399582156,0.5598203632797485,3.206788522458181,4.34545831162496,3.939196380610614,0.22237318754196167,0.23411966860294342,0.9999866485595703,0.018763747066259384,0.15056286752223969,0.03969590365886688,0.3518867492675781,0.13557006418704987,1.1736976375686936e-05,0.05642061308026314,0.12240296602249146,0.7758562564849854,0.03838658332824707,0.2637408375740051,0.060901790857315063,0.15550319850444794,0.9999828338623047,0.019983582198619843,0.10273831337690353,0.16204030811786652,0.00019823409093078226,0.01035939808934927,7.714502316957805e-06,1.7059241130823466e-08,0.011829502880573273,5.638998157309061e-10,3.51503473439152e-07,0.0993422120809555,2.63590518301271e-08,2.0050936200277647e-06,5.276768570183776e-05,1.8302349644727656e-06,"[(17,)]","[(3, 4, 5, 6, 16, 17, 18)]","[(15, 14, 13, 12, 11, 10)]",['-'],"[(3, 2), (3, 2)]","[(17, 18)]","[(15, 14, 13, 12, 11, 10), (2, 3, 4, 5, 6, 16, 17), (15, 14, 13, 12, 11)]","[(3, 2)]",0.956,0.002,0.092,0.607,0.169,0.978,0.005
COc1ccc(F)c([C@H](C)Nc2cc(F)c(S(=O)(=O)Nc3cscn3)c(F)c2)c1,COc1ccc(F)c([C@H](C)Nc2cc(F)c(S(=O)(=O)Nc3cscn3)c(F)c2)c1,443.06,387.7048330096966,1.1427765719622045,6,2,80.32,7,3,6,11,0,19,0.3684210526315789,1,0,0.56,3.178,0.167,42.0,-1.752,"[(21, 22, 23), (16, 17, 18, 19), (10, 11, 12, 13, 15, 25, 27), (1, 2, 3, 4, 5, 7, 28)]",['-'],['-'],['-'],0,0,1,0,-5.23021880683557,3.6360403828872796,3.7932586990514414,117.80185929280793,332.9274847511768,9.079164827458325,4.322254693570532,-5.211338372069324,1.8018723192111582e-05,0.0040293363854289055,0.9316129088401794,0.024822665378451347,0.00018209218978881836,0.004453301429748535,0.013139545917510986,0.030986785888671875,0.8000621199607849,0.8316459655761719,0.03403136506676674,0.9999731779098511,0.006136797834187746,0.9690428972244263,98.70666802413719,0.4842631980477606,1.2208920765982618,0.9416815042495728,0.00017300552281085402,0.9507989287376404,0.0003342610434629023,0.9097298383712769,0.0001408714015269652,0.004006071016192436,0.00015649230044800788,0.8178628087043762,0.893084704875946,0.9657801389694214,2.1015427620341143e-08,0.9975473284721375,0.2733391225337982,3.1292314100596714,0.6201389660023914,1.025088968211079,3.5580315517557275,5.087269233398366,4.450483063789895,0.14314430952072144,0.06311092525720596,0.9999943971633911,0.07870539277791977,0.19419316947460175,0.22593069076538086,0.025459259748458862,0.3279377520084381,3.4964102724188706e-06,0.05475760996341705,0.2981477677822113,0.9609487652778625,0.10857073962688446,0.8510864973068237,0.3291780650615692,0.8034059405326843,1.0,0.04198867082595825,0.0463072694838047,0.0490703321993351,0.01287486869841814,0.272244930267334,0.0018804720602929592,2.3877968487795442e-05,0.006328136194497347,6.531362032546895e-06,0.0001021577263600193,0.04991825670003891,1.1807852388301399e-05,3.8446710277639795e-06,0.012240951880812645,0.000641611753962934,"[(5,)]","[(4, 3, 2, 28, 7, 5, 6)]",['-'],['-'],"[(11, 10), (11, 10)]","[(5, 6)]","[(10, 11, 12, 13, 15, 25, 27), (22, 21, 20, 24, 23)]","[(11, 10)]",0.889,0.001,0.184,0.665,0.016,0.455,0.049
C[C@H](Nc1ccc(S(=O)(=O)Nc2nccs2)cc1Cl)c1ccccc1,C[C@H](Nc1ccc(S(=O)(=O)Nc2nccs2)cc1Cl)c1ccccc1,393.04,358.62701200283146,1.0959576017572732,5,2,71.09,6,3,6,8,0,19,0.3157894736842105,1,0,0.632,2.567,0.118,36.0,-2.268,"[(10, 11, 12, 13, 14, 15), (11, 15, 14), (7, 8, 9, 10), (2, 3, 4, 5, 6, 16, 17)]",['-'],['-'],['-'],0,1,0,0,-4.936989474409525,3.54744192658241,3.8810527917637128,136.214282620085,317.7201931507804,7.771509915357836,3.4401976282993534,-5.519277985513997,1.1348694989133845e-05,0.5752072930335999,0.19145655632019043,0.0019925020169466734,0.004613816738128662,0.007876813411712646,0.3564791679382324,0.31228071451187134,0.7923867702484131,0.9330930113792419,0.004828241653740406,0.9988297820091248,0.15686799585819244,0.9806153178215027,99.00382919733912,0.2864358108928238,0.5225973509154007,0.003434201003983617,2.831955862347968e-05,0.9946413040161133,0.3869726359844208,0.7856387495994568,0.00036130819353275,9.734943159855902e-05,1.6638978195260279e-06,0.9984475374221802,0.6815818548202515,0.9118636250495911,7.234729308691623e-12,0.8783779740333557,0.6006333827972412,4.017805580419529,0.5610773786621316,0.6374689884089328,3.2584836799393346,4.362087811322885,4.018282405060829,0.18846715986728668,0.16534820199012756,0.9999918937683105,0.01930583454668522,0.17020657658576965,0.09931203722953796,0.5194745659828186,0.14600110054016113,5.7341152569279075e-05,0.08030930906534195,0.39750367403030396,0.7798670530319214,0.0821213647723198,0.10821463167667389,0.023626305162906647,0.09699857234954834,0.9999980926513672,0.02835409715771675,0.2900451421737671,0.25876492261886597,0.0001202711500809528,0.01597598008811474,7.282316801138222e-06,3.385014224477345e-08,0.017533477395772934,6.67095434447873e-10,5.352120524548809e-07,0.10827115178108215,2.023475609291836e-08,1.3895498796046013e-06,3.717351864906959e-05,3.4041129310935503e-06,"[(17,)]","[(3, 4, 5, 6, 16, 17, 18)]","[(15, 14, 13, 12, 11, 10)]",['-'],"[(3, 2), (3, 2)]","[(17, 18)]","[(15, 14, 13, 12, 11, 10), (2, 3, 4, 5, 6, 16, 17), (15, 14, 13, 12, 11)]","[(3, 2)]",0.957,0.006,0.168,0.62,0.151,0.969,0.109
C[C@H](Nc1cc(F)c(S(=O)(=O)Nc2nccs2)cc1Cl)c1ccccc1,C[C@H](Nc1cc(F)c(S(=O)(=O)Nc2nccs2)cc1Cl)c1ccccc1,411.03,364.6945709566392,1.1270526976088981,5,2,71.09,6,3,6,9,0,19,0.3157894736842105,1,0,0.604,2.753,0.118,38.0,-2.28,"[(11, 12, 13, 14, 15, 16), (12, 16, 15), (8, 9, 10, 11), (2, 3, 4, 5, 7, 17, 18)]",['-'],['-'],['-'],0,1,1,0,-5.071707781754991,3.6163319282930813,4.01534592672595,134.50550026650836,318.82324895905595,7.785620796619305,3.3873698954111764,-5.470221941610435,1.0347312383444762e-05,0.6131961941719055,0.18131332099437714,0.0004617224622052163,0.002602815628051758,0.005594372749328613,0.2696912884712219,0.12878596782684326,0.7609867453575134,0.8607664704322815,0.0010096547193825245,0.9997561573982239,0.09972115606069565,0.9894848465919495,98.91063133117679,0.47317713698432706,0.7043625490338308,0.46962442994117737,1.3962466255179606e-05,0.9994569420814514,0.07330907881259918,0.992448091506958,0.00016178874648176134,0.0003255680203437805,3.0369643354788423e-05,0.9970530271530151,0.2516307532787323,0.93586266040802,7.715329763957612e-11,0.8264629244804382,0.4476012587547302,4.878892559062912,0.5120724999749838,0.8319728884471643,3.431485572142196,4.572859413233072,4.322178166003365,0.16613611578941345,0.14732618629932404,0.9999871253967285,0.050552673637866974,0.25547903776168823,0.14774508774280548,0.5311248302459717,0.15991288423538208,6.48035784251988e-05,0.12222709506750107,0.6426519751548767,0.8655778765678406,0.17916534841060638,0.26425468921661377,0.039463482797145844,0.2358464151620865,0.9999992847442627,0.03643975034356117,0.3351649045944214,0.17023774981498718,0.00019437322043813765,0.01600051112473011,5.2862692427879665e-06,1.949293348957326e-08,0.010437927208840847,6.111357531146666e-10,5.775779641226109e-07,0.07302019745111465,1.6700337113206842e-08,1.2332152437011246e-06,3.343774005770683e-05,2.0113257050979882e-06,"[(5,)]","[(3, 4, 5, 7, 17, 18, 19)]","[(16, 15, 14, 13, 12, 11)]",['-'],"[(3, 2), (3, 2)]","[(5, 6)]","[(16, 15, 14, 13, 12, 11), (2, 3, 4, 5, 7, 17, 18), (16, 15, 14, 13, 12)]","[(3, 2)]",0.973,0.002,0.145,0.773,0.091,0.9,0.167
CC(c1ccccc1)N1CCc2cc(S(=O)(=O)Nc3nccs3)ccc21,CC(c1ccccc1)N1CCc2cc(S(=O)(=O)Nc3nccs3)ccc21,385.09,369.45145547289826,1.0423290916720962,5,1,62.3,5,4,9,7,0,23,0.21739130434782608,1,0,0.719,2.75,0.211,69.826,-1.932,"[(17, 18, 19, 20, 21, 22), (18, 22, 21), (14, 15, 16, 17)]",['-'],['-'],['-'],0,1,0,0,-4.685124807167666,3.298308973715223,3.5397157900414298,151.4010534165209,322.792644646724,7.916607271284695,3.8025833014500416,-4.844690657896396,9.367938769860236e-06,0.10269324481487274,0.9435819983482361,0.054097965359687805,0.028224408626556396,0.17734640836715698,0.6772118806838989,0.9231899678707123,0.6640403270721436,0.948384165763855,0.06475157290697098,0.9998624324798584,0.5999943017959595,0.994489312171936,98.98536607930816,0.314826058617616,0.6043728062791985,0.020661961287260056,0.0008437897195108235,0.9913438558578491,0.9675190448760986,0.9997523427009583,0.11227134615182877,0.001194114563986659,7.11264021902025e-07,0.9922797679901123,0.9125126004219055,0.8050845861434937,1.6286675119658867e-08,0.9998899698257446,0.9996659755706787,3.5294580544800915,0.6580414376003927,0.6771784201088971,3.292926332423146,4.35320319363528,4.055689854933755,0.43633851408958435,0.2716006338596344,0.9999598264694214,0.04020596668124199,0.2941092550754547,0.13673405349254608,0.17985889315605164,0.20405332744121552,5.301387062672802e-08,0.0036165891215205193,0.21533070504665375,0.8436303734779358,0.068600133061409,0.4437601864337921,0.08339795470237732,0.21675953269004822,0.9999982118606567,0.027807191014289856,0.1066846176981926,0.20793543756008148,9.496505663264543e-05,0.0006769006140530109,6.837668138359732e-07,1.4535451731134685e-09,0.013876581564545631,8.740196066892025e-11,3.218914557123753e-08,0.03619490563869476,1.8858770101104483e-09,2.4050004299169814e-07,3.133042264380492e-05,2.654461539464137e-08,['-'],['-'],"[(22, 21, 20, 19, 18, 17)]",['-'],"[(18, 17), (18, 17)]",['-'],"[(22, 21, 20, 19, 18, 17), (8, 25, 24, 23, 13, 12, 11), (22, 21, 20, 19, 18)]","[(18, 17)]",0.966,0.003,0.089,0.301,0.029,0.975,0.011
C[C@H](Nc1cc(F)c(S(=O)(=O)Nc2nccs2)cc1Cl)c1ccc(F)cc1,C[C@H](Nc1cc(F)c(S(=O)(=O)Nc2nccs2)cc1Cl)c1ccc(F)cc1,429.02,370.7621299104471,1.1571300448177497,5,2,71.09,6,3,6,10,0,19,0.3157894736842105,1,0,0.575,2.823,0.118,40.0,-2.34,"[(11, 12, 13, 14, 15, 16), (12, 16, 15), (8, 9, 10, 11), (2, 3, 4, 5, 7, 17, 18)]",['-'],['-'],['-'],0,1,1,0,-5.071587007865043,3.6538728903907263,3.9521333142625354,134.21963738768355,315.50162896310565,7.681016318875017,3.3012305724308484,-5.06192073013031,1.315707913749345e-05,0.38019269704818726,0.5715120434761047,0.00033344211988151073,0.0003083944320678711,0.0007349848747253418,0.024823665618896484,0.004454135894775391,0.6012263894081116,0.4895797371864319,0.0006035995320416987,0.9999961853027344,0.1286964863538742,0.9822744131088257,98.932913775609,0.5879357698422424,0.797159651614591,0.48837435245513916,1.0079822459374554e-05,0.9996209144592285,0.13175110518932343,0.999721109867096,0.00011690172686940059,0.000773416250012815,1.4981582353357226e-05,0.9935483336448669,0.1378040760755539,0.9411396384239197,3.1915459858256057e-11,0.9717123508453369,0.4962763488292694,4.847635208732743,0.5532699813283605,0.8646392534267058,3.414717575996157,4.718116942282821,4.304857746206109,0.1642051786184311,0.13932794332504272,0.999990701675415,0.07092656940221786,0.39496415853500366,0.1529933363199234,0.2939935326576233,0.2799243628978729,0.00011798466584878042,0.20269910991191864,0.5769141912460327,0.8723147511482239,0.1203978881239891,0.31162476539611816,0.06874502450227737,0.6181414723396301,0.9999997615814209,0.029157930985093117,0.26859667897224426,0.16265156865119934,0.0002705671067815274,0.023814156651496887,8.724003237148281e-06,2.4730411496420857e-08,0.007568583358079195,9.69581970267086e-10,1.0366183005316998e-06,0.06960372626781464,2.051834968597177e-08,1.4263422372096102e-06,2.9661145163117908e-05,3.818311597569846e-06,"[(5,)]","[(3, 4, 5, 7, 17, 18, 19)]","[(16, 15, 14, 13, 12, 11)]",['-'],"[(3, 2), (3, 2)]","[(5, 6)]","[(16, 15, 14, 13, 12, 11), (2, 3, 4, 5, 7, 17, 18), (16, 15, 14, 13, 12)]","[(3, 2)]",0.981,0.015,0.056,0.842,0.078,0.651,0.399
COC[C@H](Nc1cc(F)c(S(=O)(=O)Nc2nccs2)cc1Cl)c1ccccc1,COC[C@H](Nc1cc(F)c(S(=O)(=O)Nc2nccs2)cc1Cl)c1ccccc1,441.04,390.78078313198716,1.128612303975648,6,2,80.32,8,3,6,10,0,19,0.42105263157894735,1,0,0.536,2.94,0.167,38.0,-1.955,"[(13, 14, 15, 16, 17, 18), (14, 18, 17), (10, 11, 12, 13), (4, 5, 6, 7, 9, 19, 20)]",['-'],['-'],['-'],0,0,1,0,-4.6361649805147565,3.326733010923965,3.4963630373504975,138.40781043219135,303.23414237020495,7.71754604371978,3.82960710519459,-5.21662839799652,1.3502320866139242e-05,0.8910044431686401,0.09291889518499374,0.00035168929025530815,0.014289677143096924,0.006034910678863525,0.12586742639541626,0.12354755401611328,0.7764329314231873,0.9625324606895447,0.0010523779783397913,0.9990652203559875,0.08424749225378036,0.9396644234657288,98.61440384480245,0.5091027450835577,1.2531190122524896,0.0014983909204602242,0.00035955337807536125,0.9953397512435913,0.4822443723678589,0.9470599293708801,0.004709157161414623,0.00017200248839799315,1.046573197527323e-05,0.9883652925491333,0.20367303490638733,0.1523955762386322,1.3365609063953343e-08,0.4715617001056671,0.9555597901344299,4.0374978487423565,0.6216406553778333,0.820712156747559,3.4200344149882485,4.561449401931656,4.3177801388179615,0.20622248947620392,0.12458788603544235,0.9999948740005493,0.14183416962623596,0.31850531697273254,0.13321727514266968,0.7035816311836243,0.14117875695228577,3.436096812947653e-05,0.04023010656237602,0.5385226607322693,0.9545295238494873,0.2868485748767853,0.6006571054458618,0.06200794875621796,0.5812349915504456,0.9999992847442627,0.04084156081080437,0.2676940858364105,0.1157417818903923,0.0001599316019564867,0.04410194605588913,5.553354640142061e-06,1.5740478431780502e-07,0.005897620692849159,9.270451073462027e-10,5.48852369774977e-07,0.09647862613201141,9.337824025124064e-08,1.0646484724929905e-06,3.337278394610621e-05,1.4827779750703485e-06,"[(0, 1, 2), (7,)]","[(5, 6, 7, 9, 19, 20, 21)]","[(18, 17, 16, 15, 14, 13)]",['-'],"[(5, 4), (5, 4)]","[(7, 8)]","[(18, 17, 16, 15, 14, 13), (4, 5, 6, 7, 9, 19, 20), (18, 17, 16, 15, 14)]","[(5, 4)]",0.875,0.016,0.097,0.749,0.05,0.823,0.009
CC[C@H](Nc1ccc(S(=O)(=O)Nc2nccs2)cc1)c1ccccc1,CC[C@H](Nc1ccc(S(=O)(=O)Nc2nccs2)cc1)c1ccccc1,373.09,360.7119291967826,1.0343156679924068,5,2,71.09,7,3,6,7,0,19,0.3684210526315789,1,0,0.639,2.517,0.167,34.0,-1.866,"[(11, 12, 13, 14, 15, 16), (12, 16, 15), (8, 9, 10, 11), (3, 4, 5, 6, 7, 17, 18)]",['-'],['-'],['-'],0,1,0,0,-4.635017889975596,3.4925239450191103,3.5866270285784685,129.02009521904264,318.2487064852098,8.003884300580289,3.353825287245507,-5.196259679910554,1.3952328811896701e-05,0.543995201587677,0.40702739357948303,0.024026120081543922,0.05185514688491821,0.09671664237976074,0.5629095733165741,0.6587731540203094,0.5959647297859192,0.8896295428276062,0.023812368512153625,0.9800506234169006,0.17633891105651855,0.868726372718811,98.85503799221755,0.2746623387681351,0.839604408976432,0.0001253775553777814,1.7571330772625515e-06,0.9980934262275696,0.9564674496650696,0.9505958557128906,2.3815271561034024e-05,0.011976565234363079,2.8537513117044e-06,0.9886646270751953,0.11521335691213608,0.7719670534133911,7.330027210206147e-12,0.9954197406768799,0.08956088870763779,1.9279588706346935,0.7899004380547464,0.42904536411292304,3.1005100599760134,4.154610682645811,3.6349567599566464,0.1574060022830963,0.1025996282696724,0.9999908208847046,0.048764947801828384,0.24808190762996674,0.033330079168081284,0.4278236925601959,0.16752584278583527,0.0002521730202715844,0.272004634141922,0.6116305589675903,0.8842604160308838,0.09414862096309662,0.12875954806804657,0.020660879090428352,0.08197081834077835,0.9999990463256836,0.03411317989230156,0.1718270182609558,0.11085052043199539,0.0002838931104633957,0.007021134719252586,9.667086487752385e-06,5.5216720085127236e-08,0.019175617024302483,1.2053416043045218e-09,6.487235282293113e-07,0.13569706678390503,8.535300111134347e-08,8.931020261115918e-07,0.0001373904087813571,2.3635234356333967e-06,['-'],['-'],"[(16, 15, 14, 13, 12, 11)]",['-'],"[(4, 3), (4, 3)]",['-'],"[(16, 15, 14, 13, 12, 11), (3, 4, 5, 6, 7, 17, 18), (16, 15, 14, 13, 12)]","[(4, 3)]",0.945,0.018,0.127,0.567,0.05,0.965,0.041
C[C@H](Nc1cc(F)c(S(=O)(=O)Nc2nccs2)cc1Cl)c1cccnc1,C[C@H](Nc1cc(F)c(S(=O)(=O)Nc2nccs2)cc1Cl)c1cccnc1,412.02,358.39534633050175,1.1496243023759776,6,2,83.98,6,3,6,10,0,19,0.3157894736842105,1,0,0.63,2.943,0.125,38.0,-2.475,"[(11, 12, 13, 14, 15, 16), (12, 16, 15), (8, 9, 10, 11), (2, 3, 4, 5, 7, 17, 18)]",['-'],['-'],['-'],0,0,1,0,-4.100026678484916,2.36546117700334,2.270463242377408,194.02239827384193,308.61177764768803,6.396223113977913,3.719905564672263,-5.434990544479048,9.340652708248675e-06,0.8045658469200134,0.008076616562902927,0.00041137702646665275,0.0014998912811279297,0.006121456623077393,0.04800671339035034,0.061804890632629395,0.7201066017150879,0.8417047262191772,0.0016049593687057495,0.9992786049842834,0.020662130787968636,0.9935158491134644,97.99689687699625,0.39538581629955755,2.431846995052842,0.9529377222061157,5.786226756754331e-05,0.9980412721633911,0.0028086008969694376,0.9973447918891907,7.304023256438086e-06,5.6455388403264806e-05,1.3522583230951568e-07,0.9984338879585266,0.02787172794342041,0.9952568411827087,3.2290578544369453e-10,0.993312418460846,0.8853743076324463,4.72633910625235,0.6086279805439627,0.46561119709489884,3.12825784941428,4.3824185406540765,3.9060374101750504,0.13546352088451385,0.09515909850597382,0.9999939203262329,0.041701704263687134,0.38267508149147034,0.15642578899860382,0.5704792141914368,0.2863469123840332,9.57738757279003e-06,0.08654538542032242,0.6878741979598999,0.8195766806602478,0.13682647049427032,0.2904406785964966,0.030556097626686096,0.2578482925891876,0.9999992847442627,0.05445852503180504,0.1461535543203354,0.08326354622840881,7.557937351521105e-05,0.012507278472185135,1.2169755336799426e-06,5.50672440979838e-09,0.00301936874166131,1.8389914591132595e-10,6.47560170818906e-07,0.010284209623932838,9.328154249033105e-09,2.9768054332635074e-07,2.724206524362671e-06,2.2752483630483766e-07,"[(5,), (24,)]","[(3, 4, 5, 7, 17, 18, 19)]","[(16, 15, 14, 13, 12, 11)]",['-'],"[(3, 2), (3, 2)]","[(5, 6)]","[(16, 15, 14, 13, 12, 11), (2, 3, 4, 5, 7, 17, 18), (16, 15, 14, 13, 12)]","[(3, 2)]",0.672,0.0,0.132,0.469,0.058,0.922,0.201
O=S(=O)(Nc1cscn1)c1cc(Cl)c(NCc2cc(CN3CCC3)ccc2F)cc1F,O=S(=O)(Nc1cscn1)c1cc(Cl)c(NCc2cc(CN3CCC3)ccc2F)cc1F,484.06,425.09038723199706,1.1387225271123802,6,2,74.33,8,4,6,11,0,23,0.34782608695652173,0,0,0.485,2.715,0.25,53.76,-2.345,"[(5, 6, 7), (1, 0, 2, 3), (14, 13, 11, 10, 9, 29, 28)]",['-'],['-'],['-'],0,1,1,0,-4.67888299294626,3.4685989079505486,4.161114536363892,120.03402968244322,323.5097312484858,8.606581839371763,7.220920313096341,-5.505621106199694,1.031397351595389e-05,0.012429437600076199,0.6603872776031494,0.0005634201806969941,0.00013136863708496094,0.002063274383544922,0.005264103412628174,0.0011312365531921387,0.45325374603271484,0.27225515246391296,0.0006501618190668523,0.9999520778656006,0.13931292295455933,0.9803622961044312,97.71851557881297,1.0455786098264879,1.8146472348312477,0.006429378408938646,0.004659391473978758,0.04786176607012749,0.017615236341953278,0.05174245312809944,0.009713695384562016,0.27289122343063354,0.0021014721132814884,0.04075862094759941,0.8042095303535461,0.0038011381402611732,9.978152332168477e-11,0.5383039712905884,0.020757434889674187,2.5222302111739494,0.6737199770482761,1.3852075686389962,3.9329450266935737,5.35459190486387,4.84280684792385,0.9037318229675293,0.34517356753349304,0.9999938011169434,0.026078954339027405,0.37837186455726624,0.6103259325027466,0.05225594341754913,0.1568971425294876,1.0036949049663235e-09,9.032189700519666e-05,0.7979347109794617,0.9457576870918274,0.5451152920722961,0.831803023815155,0.13198132812976837,0.7840903401374817,1.0,0.037943243980407715,0.06912939995527267,0.36600032448768616,0.0012740192469209433,0.046469904482364655,0.0011782875517383218,9.734868217492476e-05,0.006486489903181791,4.977290245733457e-06,0.001241485239006579,0.7217040061950684,4.382296174298972e-05,7.731891855655704e-06,0.005279042292386293,0.0008921015542000532,"[(11,)]","[(9, 10, 11, 13, 28, 29, 30)]",['-'],['-'],"[(4, 3), (4, 3)]","[(11, 12)]","[(14, 13, 11, 10, 9, 29, 28), (6, 5, 4, 8, 7)]","[(4, 3)]",0.907,0.0,0.016,0.949,0.02,0.523,0.137
C[C@H](Nc1cc(F)c(S(=O)(=O)Nc2cscn2)c(F)c1)c1cc(C#N)ccc1F,C[C@H](Nc1cc(F)c(S(=O)(=O)Nc2cscn2)c(F)c1)c1cc(C#N)ccc1F,438.04,384.6384487604423,1.1388357076929063,6,2,94.88,6,3,6,11,0,20,0.3,1,0,0.595,3.331,0.111,42.0,-2.059,"[(13, 14, 15), (8, 9, 10, 11), (2, 3, 4, 5, 7, 17, 19)]",['-'],['-'],['-'],0,0,1,0,-4.884552170113684,3.531419456145702,3.544692642108979,119.61462514939996,317.4804181375644,8.342304246099227,3.9941593234371457,-5.109760459964311,1.255310460770374e-05,0.013508083298802376,0.9269177317619324,0.006107756868004799,0.0003714561462402344,0.0008893609046936035,0.0034815073013305664,0.002881765365600586,0.4136688709259033,0.9578613638877869,0.05523403733968735,0.9999977350234985,0.0017049130983650684,0.5779370665550232,98.2471431893361,0.6303127897997117,1.4751456860292138,0.6837563514709473,6.8573112912417855e-06,0.8781212568283081,5.274293289403431e-05,0.9199147820472717,4.1336494405186386e-07,9.992917330237105e-05,1.0623750057447978e-07,0.8902666568756104,0.9984207153320312,0.9026622176170349,3.854307064482532e-12,0.9837689995765686,0.14097169041633606,2.016404328144164,1.0289863524595202,0.6232652376037449,3.229708018040695,4.63528041136429,3.9117990476013986,0.29788970947265625,0.10823724418878555,0.9999933242797852,0.05991926044225693,0.3228766918182373,0.4570455849170685,0.11080369353294373,0.21936707198619843,2.62808703155315e-06,0.03250633552670479,0.06390229612588882,0.9928136467933655,0.09166228771209717,0.9539339542388916,0.25078120827674866,0.9635905623435974,1.0,0.035942621529102325,0.07250096648931503,0.04792676120996475,0.0035851404536515474,0.5888952016830444,0.006794734392315149,3.2994532375596464e-05,0.0005781184881925583,1.9234532828704687e-06,0.00027723502716980875,0.013126976788043976,4.280514531274093e-06,4.245379159328877e-07,0.013696600683033466,0.0002440286916680634,"[(5,)]","[(20, 21, 22, 25, 26, 27, 28)]",['-'],['-'],"[(3, 2), (3, 2)]","[(5, 6)]","[(2, 3, 4, 5, 7, 17, 19), (24, 23, 22), (14, 13, 12, 16, 15)]","[(3, 2)]",0.92,0.001,0.212,0.669,0.026,0.65,0.144
C[C@H](Nc1cc(F)c(S(=O)(=O)Nc2cscn2)cc1Cl)c1cc(CN2CCC2)ccc1F,C[C@H](Nc1cc(F)c(S(=O)(=O)Nc2cscn2)cc1Cl)c1cc(CN2CCC2)ccc1F,498.08,442.38637245585437,1.125893632832696,6,2,74.33,8,4,6,11,0,23,0.34782608695652173,1,0,0.443,3.227,0.286,80.556,-2.128,"[(13, 14, 15), (8, 9, 10, 11), (2, 3, 4, 5, 7, 17, 18)]",['-'],['-'],['-'],0,1,1,0,-4.805532715631021,3.6295383665597116,4.287151940440407,142.12860236764936,339.0858105321612,8.591988044828277,6.394878553208309,-5.63404170569878,8.910323989059418e-06,0.0019488604739308357,0.7272320985794067,0.008215872570872307,7.152557373046875e-07,2.8014183044433594e-05,0.00012242794036865234,0.00023156404495239258,0.2728559970855713,0.06654137372970581,0.0006772307096980512,0.9999969005584717,0.13606204092502594,0.9997039437294006,96.5320467245804,1.0848265377976047,3.5484275798311713,0.012162984348833561,4.866239396505989e-05,0.36670318245887756,0.004204087890684605,0.11312240362167358,6.831169798715564e-07,0.0467672199010849,1.6285037418128923e-05,0.006694169715046883,0.9983004927635193,0.9227986335754395,6.218208673663961e-12,0.7998097538948059,0.04608912020921707,3.145315020322281,0.6036701442220515,1.322924004225569,3.8628250747132777,5.258900326761087,4.778583731255953,0.803670346736908,0.2791692018508911,0.9999942779541016,0.026118963956832886,0.5123398900032043,0.5600247979164124,0.1572832614183426,0.2120836079120636,1.058085814520382e-07,0.0004112156748306006,0.8936073184013367,0.948249876499176,0.4458729028701782,0.7388251423835754,0.11876285076141357,0.714667022228241,1.0,0.03477959707379341,0.08232738822698593,0.2763165533542633,0.00039205263601616025,0.04617782682180405,0.0011991177452728152,8.896547660697252e-05,0.009877659380435944,8.202797289413866e-06,0.002068648114800453,0.6119098663330078,4.091228765901178e-05,1.0652237506292295e-05,0.008876006118953228,0.0033805379644036293,"[(5,)]","[(3, 4, 5, 7, 17, 18, 19)]",['-'],['-'],"[(3, 2), (3, 2)]","[(5, 6)]","[(2, 3, 4, 5, 7, 17, 18), (14, 13, 12, 16, 15)]","[(3, 2)]",0.909,0.003,0.068,0.907,0.013,0.546,0.152
